,location_id,ihme_loc_id,location_name,Adol Birth Rate,Air Poll Mort,Alcohol Use,Cert Death Reg,Child Overweight,Child Sex Abuse,Child Stunting,Child Wasting,Conflict Mort,Disaster Mort,"FP Need Met, Mod",HH Air Poll,HIV Incid,Health Worker Dens,Hep B Incid,Homicide,Hygiene,Int Partner Viol,Malaria Incid,Mat Mort Ratio,Mean PM2.5,NCD Mort,NTD Prev,Neonatal Mort,Non-Int Partner Sex Viol,Occ Burden,Physical Violence,Poisoning Mort,Road Inj Mort,SDG Index,Sanitation,Sexual Violence,Skilled Birth Attend,Smoking Prev,Suicide Mort,TB Incid,UHC Index,Under-5 Mort,Vaccine Cov,WaSH Mort,Water,cluster
0,33,ARM,Armenia,52.4,41.1,63.0,97.4,20.3,100.0,80.2,83.3,100.0,100.0,37.4,88.9,64.4,96.7,35.3,58.4,89.8,86.6,100.0,64.9,39.6,48.7,95.6,59.8,99.9,44.1,83.8,54.1,75.7,68.4,75.8,99.0,99.5,38.1,55.8,63.2,71.8,68.9,95.8,76.4,96.6,4
1,34,AZE,Azerbaijan,36.6,34.9,52.6,86.3,18.8,100.0,74.8,79.0,100.0,100.0,25.5,86.7,70.7,96.3,24.6,57.2,93.0,86.7,100.0,63.4,58.8,28.9,95.4,23.5,99.9,51.9,82.3,43.9,80.3,62.7,59.2,93.3,96.3,42.8,86.3,41.8,60.8,37.9,72.3,58.2,88.3,4
2,35,GEO,Georgia,35.2,37.9,43.9,66.3,18.0,100.0,81.6,92.7,100.0,100.0,52.0,74.7,55.5,90.3,37.7,56.6,91.9,97.5,100.0,55.3,53.6,33.3,95.6,55.0,99.7,52.0,95.2,44.4,42.4,62.5,62.7,100.0,99.0,35.9,60.0,49.4,64.7,65.4,84.6,75.6,88.9,4
3,36,KAZ,Kazakhstan,47.0,51.3,29.6,88.3,38.6,96.0,84.1,89.6,100.0,100.0,85.5,89.6,51.9,96.8,32.1,36.8,91.7,93.3,100.0,73.9,74.2,34.4,95.8,53.7,94.4,46.7,87.9,12.3,48.1,61.7,59.2,98.7,99.6,39.6,12.0,48.0,67.6,59.6,66.9,72.8,88.6,4
4,37,KGZ,Kyrgyzstan,40.6,39.7,51.6,97.6,65.9,100.0,73.1,93.4,100.0,31.5,67.5,76.4,50.6,84.7,24.3,50.8,88.5,66.0,100.0,54.6,56.7,41.1,92.7,35.7,100.0,54.2,69.0,29.1,48.8,58.8,18.7,90.7,99.6,52.1,47.6,40.0,60.7,51.2,72.7,60.5,81.9,4
5,38,MNG,Mongolia,49.7,32.2,55.2,73.2,46.5,99.9,75.1,96.1,100.0,25.9,72.2,72.3,77.3,96.5,6.1,37.9,71.3,81.6,100.0,53.2,34.5,17.2,91.6,33.3,100.0,57.4,84.1,11.1,44.7,51.4,25.6,95.8,98.8,33.0,29.4,34.8,56.3,45.4,80.6,60.9,65.2,4
6,39,TJK,Tajikistan,30.3,27.6,82.2,60.6,69.4,100.0,47.8,43.8,100.0,48.0,51.8,71.2,60.9,78.0,32.1,59.9,75.9,70.1,100.0,64.0,29.8,34.0,86.1,22.4,100.0,49.4,71.4,53.1,72.8,56.6,31.6,93.2,92.0,85.8,71.4,41.1,48.6,31.1,83.4,33.3,72.8,1
7,40,TKM,Turkmenistan,59.4,40.4,57.9,83.0,27.8,99.9,81.1,87.4,100.0,100.0,80.6,99.8,70.9,93.6,23.7,53.5,86.3,85.8,100.0,82.5,56.6,22.6,94.8,30.6,99.9,56.6,84.2,52.2,79.0,66.3,52.6,99.1,99.3,54.3,53.7,47.0,60.1,42.4,64.8,60.8,77.9,4
8,41,UZB,Uzbekistan,45.2,26.0,60.1,85.8,35.8,100.0,68.3,77.6,100.0,100.0,90.7,87.7,62.2,89.3,26.0,64.0,86.8,84.4,100.0,62.7,47.5,24.3,93.7,37.1,100.0,52.6,84.1,36.2,53.8,65.3,36.5,97.7,99.8,80.3,50.4,51.4,59.6,47.2,97.5,63.9,86.7,4
9,43,ALB,Albania,59.6,55.4,53.3,77.6,22.4,75.0,63.6,62.9,100.0,69.3,12.9,75.8,99.9,83.1,63.9,66.3,96.7,97.3,100.0,84.4,60.1,72.2,100.0,53.8,88.8,40.7,89.4,66.7,71.4,65.2,85.6,98.9,99.4,24.9,76.7,79.3,78.5,62.2,87.8,85.5,79.1,4
10,44,BIH,Bosnia and Herzegovina,77.0,43.4,32.4,80.2,28.4,70.2,88.0,92.4,100.0,100.0,17.4,77.4,99.9,74.8,62.7,69.8,98.5,89.4,100.0,89.5,45.4,54.2,99.9,62.5,80.6,63.0,89.5,62.4,79.1,62.5,94.0,91.9,99.6,10.0,64.0,66.5,72.8,78.3,51.9,92.4,91.9,4
11,45,BGR,Bulgaria,39.3,48.6,28.9,79.9,30.0,70.1,86.4,88.3,100.0,100.0,59.7,89.8,74.7,93.3,53.3,69.6,99.4,84.4,100.0,68.7,58.4,36.4,100.0,68.7,59.2,66.8,89.6,60.7,67.9,61.2,99.3,87.6,99.6,4.4,50.0,73.9,74.5,74.1,81.5,89.1,93.3,4
12,46,HRV,Croatia,77.6,62.9,33.8,97.3,28.5,70.2,89.0,90.6,100.0,100.0,46.3,93.2,83.4,98.0,58.3,88.7,99.6,100.0,100.0,93.4,60.9,66.1,99.9,78.9,85.1,59.1,89.6,73.1,74.4,67.1,98.1,90.0,99.5,5.4,43.4,86.1,89.0,88.1,68.5,93.1,95.0,2
13,47,CZE,Czech Republic,71.0,66.2,15.0,91.8,33.3,67.2,96.8,88.3,100.0,100.0,81.4,98.7,83.2,99.8,63.8,87.2,99.9,93.6,100.0,95.1,64.9,69.6,99.9,98.0,41.6,50.4,89.6,55.6,78.0,69.2,99.9,85.4,99.5,22.9,44.5,98.5,91.1,97.5,70.8,83.7,97.1,2
14,48,HUN,Hungary,55.7,58.8,18.2,98.2,35.1,70.2,88.5,90.0,100.0,100.0,65.6,89.8,82.4,87.5,37.7,80.9,99.8,86.0,100.0,78.6,64.7,45.3,99.9,81.1,71.7,61.2,89.5,66.1,79.5,67.4,94.5,89.7,98.9,21.8,32.4,91.4,84.4,85.4,72.2,80.6,96.4,4
15,49,MKD,Macedonia,64.1,47.8,73.9,86.9,39.0,52.9,91.0,90.5,100.0,100.0,9.8,84.7,91.6,83.3,66.9,75.9,99.4,91.1,100.0,85.1,42.3,49.2,99.9,56.0,79.5,70.5,89.5,70.3,78.8,64.2,93.1,99.8,98.9,7.6,64.4,70.3,74.6,68.8,61.1,90.6,93.4,4
16,50,MNE,Montenegro,73.8,49.6,20.4,86.0,13.0,70.0,85.9,89.5,100.0,100.0,41.3,80.4,81.9,85.0,70.1,60.7,98.8,90.9,100.0,89.4,55.0,49.1,99.9,81.7,78.6,75.7,89.5,54.0,72.3,59.4,96.9,93.5,99.0,3.5,50.4,79.9,79.2,89.4,53.6,98.7,85.2,4
17,51,POL,Poland,70.6,61.3,25.6,80.0,46.6,65.0,89.6,90.8,100.0,100.0,49.7,95.1,76.8,91.3,73.3,78.5,99.7,100.0,100.0,98.1,55.4,57.0,99.9,79.6,72.5,53.8,89.6,60.1,68.1,69.2,98.3,93.2,99.8,26.1,33.4,82.9,84.9,87.3,70.6,90.5,95.6,2
18,52,ROU,Romania,42.7,55.9,3.3,90.8,36.4,70.1,82.6,84.3,100.0,65.7,52.9,89.1,62.6,86.9,46.9,74.5,97.3,86.9,100.0,71.5,68.3,45.0,99.9,67.0,90.6,45.4,89.6,30.9,65.1,57.4,82.3,88.6,99.6,30.2,51.4,52.5,77.5,71.1,61.0,77.9,90.5,4
19,53,SRB,Serbia,65.1,41.5,15.2,74.6,49.5,58.5,88.4,85.9,100.0,100.0,31.5,79.1,78.7,71.0,65.6,69.7,99.3,90.1,100.0,78.1,48.8,46.3,99.9,75.6,79.6,53.1,89.5,69.5,75.6,61.6,95.1,91.3,99.7,16.6,37.6,71.4,78.8,84.3,68.0,88.8,94.1,4
20,54,SVK,Slovakia,54.2,60.5,23.2,96.5,31.5,70.3,89.7,90.9,100.0,100.0,81.8,98.0,92.0,99.6,52.6,70.2,99.8,86.1,100.0,88.1,61.0,58.7,99.9,76.9,65.3,72.1,89.6,59.2,75.9,72.9,98.9,89.4,99.6,36.6,50.0,87.6,82.9,80.1,86.5,91.4,96.7,2
21,55,SVN,Slovenia,96.2,79.2,66.9,94.1,21.0,70.0,90.2,91.4,100.0,100.0,74.4,96.3,89.2,95.4,47.5,91.6,99.8,100.0,100.0,92.2,64.5,84.9,99.9,97.9,83.9,51.7,89.6,85.2,82.0,78.1,98.2,92.6,99.7,31.4,32.1,94.5,94.3,100.0,78.9,99.6,97.5,2
22,57,BLR,Belarus,59.5,49.4,1.2,91.8,53.6,17.6,95.3,93.8,100.0,100.0,77.4,99.5,43.5,98.8,65.6,46.5,96.5,86.2,100.0,79.3,59.3,40.1,99.9,72.5,74.6,71.8,79.6,14.1,67.5,54.6,82.7,79.4,99.7,7.0,20.1,63.5,83.5,78.2,87.0,95.0,93.7,4
23,58,EST,Estonia,67.8,87.9,5.4,99.4,37.7,17.8,89.4,92.3,100.0,100.0,80.8,93.3,47.5,95.0,63.2,54.9,97.0,98.1,100.0,100.0,95.7,64.0,99.9,99.4,55.8,76.0,79.8,60.0,82.7,68.3,93.2,76.7,99.8,39.9,37.4,74.2,86.5,96.5,82.8,95.5,95.0,2
24,59,LVA,Latvia,60.1,61.3,12.8,99.4,53.3,17.7,88.2,91.7,100.0,100.0,76.6,95.3,43.5,95.6,65.4,45.8,96.5,88.2,100.0,75.9,72.0,43.6,99.9,81.7,58.0,66.9,79.7,42.6,66.0,63.9,88.1,88.2,99.8,14.9,25.0,64.1,80.9,85.0,96.3,90.3,93.5,4
25,60,LTU,Lithuania,64.7,63.2,1.5,99.8,56.9,17.7,89.0,92.0,100.0,100.0,74.9,99.0,64.5,96.5,61.8,48.6,96.6,93.8,100.0,83.9,75.7,46.6,99.9,84.8,86.3,67.0,79.6,12.9,65.7,57.5,87.5,78.6,99.7,25.6,3.6,58.7,79.9,85.2,83.0,86.4,93.7,4
26,61,MDA,Moldova,53.8,49.7,23.1,89.8,85.8,17.5,88.6,91.3,100.0,100.0,61.5,91.3,47.1,79.7,31.1,48.6,86.1,78.4,100.0,70.1,64.6,38.6,99.9,41.6,80.8,76.5,78.0,0.4,61.3,59.4,38.9,90.5,99.5,50.8,34.4,47.7,66.8,59.2,68.0,70.5,74.3,4
27,62,RUS,Russian Federation,51.5,54.5,20.6,92.8,43.4,12.8,83.3,85.4,49.0,84.3,64.2,99.9,26.2,98.5,53.2,26.6,95.7,82.5,100.0,73.9,63.9,34.8,95.2,67.9,73.1,52.8,79.5,2.5,47.7,57.0,77.8,84.0,99.8,25.7,8.2,49.8,79.7,74.9,80.5,82.5,91.0,4
28,63,UKR,Ukraine,50.2,42.4,0.5,91.0,67.8,13.0,75.1,78.2,26.9,100.0,70.1,96.5,32.5,96.1,48.9,35.3,92.1,69.6,100.0,57.6,58.0,25.0,99.4,64.3,74.7,65.5,82.8,11.5,50.4,48.4,67.0,84.4,99.4,24.8,7.4,51.6,71.0,69.1,36.7,81.0,84.4,4
29,71,AUS,Australia,69.2,95.7,21.9,97.4,45.8,63.8,95.2,98.6,100.0,64.5,97.6,99.9,61.8,99.2,74.9,80.0,96.7,100.0,100.0,97.9,89.0,95.4,100.0,84.9,0.3,57.0,89.2,86.1,81.2,72.0,99.2,91.9,99.4,71.1,43.5,99.5,100.0,90.4,97.6,92.1,98.3,2
30,72,NZL,New Zealand,57.4,98.5,26.3,100.0,24.9,19.5,94.4,98.3,100.0,100.0,90.9,99.8,65.6,99.9,60.0,78.7,96.5,80.7,100.0,81.3,97.6,86.7,100.0,82.8,43.0,46.9,57.9,86.0,72.7,75.5,98.5,85.2,99.5,59.8,42.4,84.6,97.3,86.9,94.4,86.5,97.6,2
31,66,BRN,Brunei,70.9,79.7,91.7,81.3,53.1,60.4,82.3,84.8,100.0,100.0,77.2,99.9,59.6,92.3,41.3,77.9,96.7,94.3,100.0,50.4,97.9,47.6,99.7,66.5,58.8,48.0,89.4,61.0,44.5,75.1,98.9,100.0,99.1,63.4,68.0,41.7,72.8,70.2,71.8,75.0,98.0,4
32,67,JPN,Japan,99.9,96.6,45.7,83.6,74.2,57.4,88.1,86.4,78.2,67.9,65.9,100.0,82.0,91.3,53.7,100.0,96.6,94.3,100.0,96.5,75.7,100.0,99.9,100.0,57.6,56.0,89.3,80.5,98.1,78.9,99.1,97.5,99.3,46.7,28.5,90.4,98.9,99.6,84.5,82.1,98.1,2
33,68,KOR,South Korea,100.0,74.8,38.5,89.9,40.6,60.6,97.9,97.2,100.0,100.0,82.3,100.0,74.7,88.3,23.6,84.8,96.6,93.8,62.9,83.4,47.8,100.0,95.2,96.5,58.0,37.1,89.4,72.3,65.5,72.2,99.2,98.1,99.7,47.6,16.3,55.0,97.1,94.2,84.6,80.5,98.2,2
34,69,SGP,Singapore,98.9,76.6,63.5,100.0,55.2,57.6,97.2,85.4,100.0,100.0,80.2,100.0,73.1,95.4,45.4,100.0,96.6,95.6,100.0,94.7,58.2,100.0,99.8,100.0,58.0,69.6,88.9,100.0,100.0,84.9,99.2,100.0,99.6,72.7,61.0,62.1,96.9,100.0,81.2,79.0,98.3,2
35,101,CAN,Canada,70.2,98.2,31.6,96.3,40.3,57.7,98.1,99.2,100.0,84.1,95.1,100.0,54.7,97.6,88.9,76.3,99.6,92.3,100.0,87.5,96.4,90.4,100.0,76.1,62.4,56.0,97.2,70.8,77.4,79.4,98.7,88.4,99.1,64.3,44.0,100.0,97.6,82.3,82.2,88.2,99.9,2
36,349,GRL,Greenland,37.3,66.8,53.8,80.5,56.5,57.0,96.0,97.9,100.0,100.0,81.8,99.4,46.7,90.3,95.2,37.7,99.4,92.0,100.0,74.6,78.5,46.3,100.0,53.6,54.0,36.4,99.9,34.9,95.4,54.2,93.8,87.8,89.2,0.0,0.0,53.6,73.5,60.2,67.7,75.4,99.5,4
37,102,USA,United States,55.7,87.2,31.9,93.7,48.7,51.0,99.2,100.0,79.3,71.2,90.6,99.9,48.8,97.2,97.8,42.4,99.6,100.0,100.0,60.1,92.7,71.1,99.9,69.7,27.4,68.6,100.0,58.6,55.6,73.6,97.4,83.2,99.1,54.9,37.0,100.0,89.9,77.2,92.4,86.4,99.9,2
38,97,ARG,Argentina,28.2,65.1,35.0,75.8,76.4,76.8,89.4,90.8,100.0,95.4,79.7,97.2,42.3,83.6,99.6,44.1,93.8,68.9,100.0,49.6,74.1,62.5,93.9,55.8,87.8,40.2,74.9,46.6,51.5,67.1,94.9,91.7,99.2,43.8,45.2,71.1,69.9,65.6,86.5,63.9,90.7,4
39,98,CHL,Chile,37.9,70.9,33.8,95.7,51.6,78.2,96.6,99.2,100.0,46.3,81.9,94.0,45.1,75.3,85.1,52.2,95.1,78.2,100.0,66.0,55.6,83.1,95.0,64.7,84.3,58.3,85.5,74.3,58.6,65.2,92.3,93.9,99.5,14.5,47.1,79.8,79.7,75.4,79.2,70.4,96.0,4
40,99,URY,Uruguay,30.5,79.2,43.2,84.1,61.5,79.1,85.5,95.7,100.0,100.0,78.9,98.0,42.7,52.6,100.0,44.0,95.2,80.4,100.0,63.8,85.5,59.8,99.3,62.5,79.3,51.5,93.7,55.4,48.0,68.3,98.4,95.3,98.7,43.3,25.5,72.2,73.6,70.2,81.5,66.1,93.7,4
41,74,AND,Andorra,95.9,90.7,19.6,0.0,19.6,60.2,98.9,99.2,100.0,100.0,97.3,99.6,68.4,99.6,96.7,96.2,99.6,95.1,100.0,96.9,81.2,92.5,100.0,100.0,56.4,57.0,87.9,83.2,95.1,62.8,99.9,88.8,99.8,34.9,57.9,92.5,99.0,100.0,85.0,95.4,100.0,2
42,75,AUT,Austria,79.9,85.0,12.4,94.6,37.2,59.8,98.5,98.8,100.0,100.0,89.1,99.4,57.9,99.8,87.2,95.3,99.4,98.7,100.0,99.5,74.0,90.2,100.0,87.2,34.7,59.7,87.9,76.7,92.6,71.6,97.3,92.8,99.8,23.5,42.8,91.8,96.5,93.3,77.7,99.9,100.0,2
43,76,BEL,Belgium,84.7,82.0,22.2,88.2,41.7,59.4,98.7,99.0,100.0,100.0,93.5,99.8,55.7,99.8,89.0,81.9,99.6,89.1,100.0,91.1,72.5,87.8,100.0,88.6,62.3,63.0,87.7,76.1,75.6,77.2,99.8,92.9,99.7,49.3,32.4,89.4,98.5,91.8,98.3,86.4,99.9,2
44,77,CYP,Cyprus,99.9,71.3,35.6,72.2,45.3,60.3,98.5,98.8,100.0,100.0,94.3,99.7,58.4,95.1,90.0,78.7,99.6,99.3,100.0,86.8,61.6,88.0,100.0,92.2,79.0,58.3,87.9,87.4,62.0,76.1,99.5,86.2,99.6,21.0,80.7,93.9,98.7,96.9,81.8,93.7,99.7,2
45,78,DNK,Denmark,98.2,83.0,21.3,91.9,32.7,63.3,99.1,99.3,100.0,100.0,87.1,99.9,59.4,99.5,93.2,92.8,99.6,93.3,100.0,100.0,81.8,84.2,100.0,85.5,64.6,49.2,87.8,89.4,96.5,77.4,99.9,93.2,99.7,52.7,53.1,95.2,96.1,91.1,68.3,87.3,100.0,2
46,79,FIN,Finland,86.9,99.8,17.5,99.8,50.9,64.3,98.9,99.1,100.0,100.0,98.9,99.8,72.7,99.6,85.7,77.0,99.6,90.6,100.0,100.0,98.7,92.0,100.0,99.8,34.2,70.2,87.8,80.6,94.8,79.0,99.8,92.3,99.8,53.2,36.6,98.0,97.0,100.0,79.0,100.0,100.0,2
47,80,FRA,France,84.8,95.7,16.0,86.7,47.4,95.8,98.5,98.9,100.0,96.8,99.9,99.8,57.8,97.6,78.5,92.2,99.5,89.9,100.0,89.6,75.9,90.3,100.0,86.7,50.8,43.3,87.7,78.8,85.0,70.1,99.5,87.4,99.8,13.3,38.5,92.7,98.7,90.2,80.1,96.8,99.7,2
48,81,DEU,Germany,83.3,81.1,17.2,90.9,41.7,51.0,100.0,100.0,100.0,100.0,90.6,99.5,59.3,100.0,96.0,94.5,99.6,96.4,100.0,87.4,75.1,80.6,100.0,87.7,68.3,55.6,87.9,100.0,92.0,75.4,99.6,96.4,99.7,31.4,48.1,93.1,94.4,92.0,87.7,91.6,99.9,2
49,82,GRC,Greece,79.3,72.1,21.3,82.2,34.1,59.7,97.9,98.3,100.0,39.8,61.9,99.5,61.1,93.0,56.7,85.7,99.6,87.6,100.0,84.4,64.6,77.2,100.0,81.3,65.7,69.0,87.7,91.2,63.3,64.5,98.8,90.9,99.6,4.6,92.6,100.0,94.6,87.0,88.8,99.6,100.0,2
50,83,ISL,Iceland,78.3,98.0,42.8,96.2,22.7,60.3,99.0,99.2,100.0,35.6,97.4,99.8,61.4,100.0,99.4,95.2,99.6,95.4,100.0,100.0,96.1,98.4,100.0,100.0,56.1,53.2,87.8,75.7,99.0,78.8,99.9,94.8,99.9,66.6,49.4,97.4,100.0,100.0,64.3,95.7,100.0,2
51,84,IRL,Ireland,75.5,90.8,11.2,97.1,34.0,39.0,98.8,99.0,100.0,100.0,86.0,99.6,52.8,98.2,98.1,96.1,99.6,96.4,100.0,99.9,89.1,92.8,100.0,86.7,73.1,67.9,87.6,86.3,99.8,76.5,98.6,90.0,99.5,51.8,55.3,93.8,99.7,93.4,82.6,95.1,100.0,2
52,85,ISR,Israel,73.8,76.1,77.0,85.5,49.0,39.4,97.8,98.3,40.5,100.0,90.6,99.7,58.3,94.9,89.7,68.6,99.5,90.9,100.0,95.5,54.7,99.3,100.0,89.2,60.8,74.3,87.7,99.0,79.7,82.5,98.8,100.0,99.1,49.9,71.5,100.0,92.7,92.1,97.4,85.1,99.8,2
53,86,ITA,Italy,93.2,85.5,30.9,93.1,29.2,59.7,98.3,98.6,100.0,59.5,74.7,99.5,52.3,97.2,68.5,95.9,99.2,87.1,100.0,100.0,64.2,98.6,99.9,89.3,0.0,62.7,87.8,97.5,80.8,70.3,99.0,72.9,99.8,42.2,79.5,94.9,99.9,94.8,85.2,99.9,99.7,2
54,87,LUX,Luxembourg,90.3,88.9,1.0,90.1,18.4,59.7,99.1,99.2,100.0,100.0,97.8,99.8,49.7,98.8,82.2,88.1,99.6,100.0,100.0,89.3,80.5,90.9,100.0,100.0,45.3,69.0,87.8,93.4,85.4,69.2,99.9,80.0,99.3,44.8,53.7,95.3,99.5,100.0,95.7,93.3,100.0,2
55,88,MLT,Malta,70.6,73.7,48.0,92.1,36.3,59.9,98.1,98.5,100.0,100.0,80.7,99.6,44.1,95.6,94.8,83.8,99.5,95.0,100.0,79.9,69.8,88.0,100.0,67.5,60.5,58.9,87.9,99.7,99.9,79.2,99.1,94.8,99.5,43.2,81.6,89.9,92.7,79.9,66.8,95.8,99.9,2
56,89,NLD,Netherlands,99.8,83.0,35.9,90.7,51.2,51.6,99.0,99.2,100.0,100.0,90.1,99.9,69.7,97.4,99.2,91.4,99.6,90.1,100.0,91.8,74.8,87.4,100.0,81.9,29.2,54.6,87.7,100.0,98.6,80.2,99.9,95.2,99.6,53.1,51.4,97.4,99.8,90.2,81.5,94.9,100.0,2
57,90,NOR,Norway,92.7,99.8,39.5,91.3,37.5,62.4,99.0,99.1,100.0,100.0,94.4,99.7,62.0,100.0,97.6,95.3,99.6,94.6,100.0,100.0,95.0,97.3,99.9,98.5,54.7,64.5,87.9,44.0,99.9,83.9,99.9,96.1,99.9,63.7,50.9,94.0,100.0,99.5,84.4,88.1,100.0,2
58,91,PRT,Portugal,76.4,89.1,6.2,85.7,46.8,59.3,97.1,97.8,100.0,100.0,87.6,98.8,28.2,97.4,80.8,84.4,99.2,90.0,100.0,87.2,89.5,87.3,97.6,90.6,77.1,57.5,87.6,83.7,78.4,71.0,94.6,89.6,99.7,37.3,58.9,77.1,93.5,93.2,84.4,86.0,99.0,2
59,92,ESP,Spain,82.2,93.5,7.3,91.0,39.0,62.0,100.0,96.3,100.0,100.0,86.7,98.9,51.4,99.2,87.4,98.3,99.5,100.0,100.0,96.5,83.4,94.2,99.1,91.5,66.5,75.2,100.0,88.2,94.8,73.5,100.0,87.5,99.7,26.4,73.2,88.8,98.7,94.9,82.7,98.2,99.8,2
60,93,SWE,Sweden,95.0,99.4,30.9,91.6,45.8,41.5,98.8,98.9,100.0,100.0,89.4,99.7,60.0,100.0,97.8,83.6,99.6,87.9,100.0,100.0,97.6,99.1,100.0,96.4,42.8,70.5,83.7,73.2,100.0,83.4,99.7,83.7,99.8,81.0,43.3,90.6,99.9,98.5,84.7,89.2,100.0,2
61,94,CHE,Switzerland,100.0,97.7,29.1,92.6,39.4,58.5,98.8,99.0,100.0,100.0,93.9,99.5,59.8,100.0,87.8,99.2,99.6,94.7,100.0,93.0,80.9,100.0,100.0,81.0,65.7,47.8,87.8,100.0,100.0,79.3,99.8,93.0,99.8,38.3,50.7,93.4,100.0,90.8,73.8,98.4,100.0,2
62,95,GBR,United Kingdom,65.5,84.0,30.0,97.8,41.4,52.5,98.3,98.6,100.0,100.0,98.9,99.6,54.3,99.1,92.9,99.8,99.5,91.3,100.0,87.2,79.8,84.6,99.9,80.3,67.7,60.5,79.0,86.4,100.0,80.4,100.0,86.5,99.5,46.2,60.8,80.3,94.7,87.0,94.0,91.6,99.9,2
63,121,BOL,Bolivia,22.4,45.4,71.0,69.0,35.4,46.3,71.4,96.2,100.0,100.0,49.8,81.2,51.1,87.9,56.5,44.1,77.1,50.3,35.2,27.3,56.3,59.3,85.0,33.6,70.9,51.7,1.1,43.3,36.1,58.1,82.5,68.9,80.6,89.5,67.0,44.9,49.3,42.1,78.4,43.9,79.2,3
64,122,ECU,Ecuador,27.7,66.6,51.7,74.6,58.0,46.0,64.2,93.5,100.0,100.0,76.9,95.3,47.3,67.3,55.8,24.3,77.8,76.4,45.9,41.4,67.9,81.2,85.6,50.0,79.3,57.0,61.8,51.7,26.1,64.1,87.5,72.7,99.1,77.7,51.2,63.1,59.7,54.6,76.2,53.8,81.1,3
65,123,PER,Peru,20.5,61.8,46.3,71.9,34.0,46.0,78.7,99.2,100.0,35.3,67.2,78.5,46.1,82.5,59.3,56.3,76.3,74.2,27.8,42.7,51.5,96.7,90.6,53.5,84.0,62.8,70.4,50.6,50.5,62.5,64.7,87.9,92.2,92.2,96.8,45.5,65.8,57.5,73.4,47.8,78.7,3
66,105,ATG,Antigua and Barbuda,31.8,59.8,70.8,80.6,66.3,60.0,89.5,92.7,100.0,12.7,89.6,98.2,55.5,92.1,85.5,47.9,75.2,88.3,100.0,46.4,60.0,66.0,94.9,59.2,38.1,100.0,97.4,58.9,75.7,66.5,85.3,75.2,99.2,84.3,99.9,76.6,65.2,65.3,62.3,55.0,54.5,3
67,106,BHS,The Bahamas,43.6,61.7,58.0,93.1,47.2,59.9,91.0,93.6,100.0,100.0,93.6,97.4,26.2,98.9,84.1,8.5,79.9,87.4,100.0,34.8,63.7,47.0,96.1,55.3,34.7,100.0,97.4,72.5,47.6,70.4,91.9,63.5,98.8,83.9,96.7,73.5,62.2,62.5,81.4,58.9,61.5,3
68,107,BRB,Barbados,38.5,56.9,50.9,89.0,56.5,59.8,90.0,92.7,100.0,100.0,69.0,100.0,43.4,95.9,89.2,30.4,76.0,88.0,100.0,40.3,52.0,66.0,96.0,45.9,36.0,98.5,97.5,85.6,67.0,72.0,88.1,69.8,98.7,81.6,87.2,93.9,69.9,61.5,73.1,57.4,75.1,3
69,108,BLZ,Belize,28.1,51.0,39.3,91.7,66.1,85.0,75.2,90.9,100.0,100.0,73.8,85.4,31.4,75.9,76.5,9.1,68.6,80.5,60.4,44.9,54.2,57.1,92.1,42.4,83.4,60.7,97.5,51.9,38.9,59.0,73.3,65.4,96.0,82.6,58.1,61.5,57.0,54.0,63.8,46.1,18.6,3
70,305,BMU,Bermuda,80.5,82.3,18.7,93.7,20.8,59.1,92.4,94.4,100.0,100.0,96.0,96.7,56.3,99.8,91.3,61.1,82.1,92.9,100.0,70.8,76.8,86.0,97.0,80.4,30.7,83.2,97.4,87.1,71.1,70.2,94.7,37.9,99.4,75.9,93.6,72.4,86.1,83.7,26.4,73.2,63.3,2
71,109,CUB,Cuba,34.8,63.1,55.4,97.6,45.1,60.3,88.0,93.2,100.0,55.7,97.8,97.6,44.9,100.0,90.9,45.7,81.4,87.5,100.0,50.5,60.0,64.2,95.0,84.0,40.1,34.5,97.7,81.5,70.6,65.2,80.4,77.6,99.3,29.9,42.5,96.2,75.2,83.6,68.2,58.1,53.6,3
72,110,DMA,Dominica,35.5,55.1,46.7,85.1,57.9,60.4,88.0,91.6,100.0,100.0,89.7,91.6,55.1,83.0,87.1,28.3,71.9,86.2,100.0,27.0,58.2,52.3,95.1,26.6,40.3,89.7,97.7,28.6,46.3,63.4,80.3,66.5,98.6,84.1,81.6,64.2,53.8,41.4,59.8,51.3,49.7,3
73,111,DOM,Dominican Republic,16.6,58.6,57.4,70.9,62.6,60.3,85.9,91.9,100.0,100.0,91.5,87.2,38.6,78.2,72.1,14.0,34.8,71.9,48.6,34.0,72.8,51.5,90.4,24.9,83.0,59.8,82.3,68.3,22.6,56.7,78.7,76.8,98.5,85.1,52.8,52.7,54.2,42.3,53.4,44.7,27.8,3
74,112,GRD,Grenada,33.7,47.0,47.8,89.8,75.5,60.7,86.3,90.6,100.0,100.0,85.3,95.8,61.9,80.2,83.1,47.4,73.6,85.1,100.0,35.9,53.1,43.1,93.9,44.5,43.4,92.7,97.8,61.2,64.4,67.3,74.9,67.7,99.1,77.0,78.7,83.3,59.4,59.2,57.9,53.3,54.2,3
75,113,GUY,Guyana,24.3,39.8,57.8,82.7,69.5,60.2,79.2,68.3,100.0,100.0,56.1,88.1,27.9,73.4,74.2,19.6,43.3,80.5,11.8,31.7,55.5,28.4,81.4,30.0,47.0,84.5,97.5,57.6,45.8,54.3,73.2,72.8,91.7,70.2,6.7,50.9,49.1,46.2,95.8,37.7,28.4,3
76,114,HTI,Haiti,32.6,18.5,61.9,60.8,91.9,59.3,61.0,79.7,100.0,37.6,41.5,31.6,30.5,52.1,76.5,17.5,20.2,58.5,20.2,12.2,69.7,20.8,70.8,18.4,0.0,71.1,84.6,41.5,10.1,33.5,17.6,35.5,26.4,94.3,54.7,45.7,28.3,25.5,45.8,20.9,13.8,6
77,115,JAM,Jamaica,37.9,52.8,57.6,90.5,64.5,6.8,89.7,91.4,100.0,100.0,91.9,90.8,36.0,85.7,98.1,6.2,56.0,88.4,100.0,42.1,71.5,48.5,95.0,42.0,27.1,78.8,97.5,74.7,65.5,65.5,63.5,76.7,98.7,63.4,91.4,76.6,63.9,59.0,77.4,58.3,52.9,3
78,385,PRI,Puerto Rico,45.7,83.6,40.6,93.1,1.8,60.1,92.4,94.7,100.0,0.0,95.8,99.9,62.8,95.8,77.8,13.2,82.6,96.8,100.0,64.9,88.8,83.8,99.5,60.5,1.5,100.0,100.0,85.1,62.4,54.4,98.4,77.2,99.3,78.7,68.9,100.0,80.6,67.8,77.6,63.1,64.0,3
79,116,LCA,Saint Lucia,35.9,53.6,46.4,89.0,81.7,60.3,95.7,90.0,100.0,100.0,70.2,93.6,64.5,86.1,83.5,18.8,82.9,83.7,100.0,39.7,53.1,54.8,93.7,43.5,42.4,88.6,97.6,78.1,53.6,66.6,79.5,65.7,98.9,69.1,63.6,78.7,60.8,60.2,57.8,56.4,53.7,3
80,117,VCT,Saint Vincent and the Grenadines,27.5,47.1,56.4,88.3,68.5,60.6,85.0,89.3,100.0,100.0,89.6,89.3,47.1,79.1,88.2,15.2,66.7,80.9,100.0,36.0,53.9,42.4,93.4,41.6,45.5,99.1,97.7,79.7,64.7,65.4,71.6,73.2,98.8,75.1,61.7,71.6,54.1,55.9,65.8,48.3,44.9,3
81,118,SUR,Suriname,28.7,47.7,41.7,78.6,82.5,59.9,87.4,79.5,100.0,100.0,68.5,87.6,38.0,78.5,76.5,34.6,65.9,84.3,43.9,34.0,50.9,47.0,93.2,27.1,43.5,97.3,97.6,61.5,43.7,56.9,82.5,68.7,95.9,49.4,8.8,72.8,51.5,42.8,57.8,40.8,48.7,3
82,119,TTO,Trinidad and Tobago,39.3,45.5,68.9,92.7,56.2,59.9,95.0,84.8,100.0,100.0,63.1,99.3,40.4,69.6,87.2,13.7,76.5,84.8,100.0,48.0,51.8,46.9,95.0,42.2,39.1,100.0,97.7,86.0,50.9,65.3,85.7,78.8,99.1,61.8,47.4,78.4,58.9,55.8,48.2,57.8,60.1,3
83,422,VIR,"Virgin Islands, U.S.",30.9,65.3,72.9,79.9,17.7,59.2,92.6,94.5,100.0,0.0,96.0,98.7,48.2,98.3,83.6,8.4,80.5,95.8,100.0,49.1,82.0,43.1,99.9,59.1,23.2,67.0,100.0,65.2,58.8,55.8,94.7,73.4,98.9,95.8,67.6,79.1,67.3,71.4,55.7,65.5,61.6,3
84,125,COL,Colombia,25.9,75.5,49.4,95.3,78.2,65.7,80.4,98.8,100.0,21.1,95.2,91.0,47.3,73.9,63.9,6.8,83.3,61.5,30.5,49.8,66.4,91.1,84.2,51.4,81.0,90.9,35.9,88.0,50.0,65.8,93.0,84.1,96.5,75.4,73.2,71.3,70.2,59.5,89.3,62.4,77.6,3
85,126,CRI,Costa Rica,30.5,76.5,54.4,97.1,47.0,15.1,88.1,96.1,100.0,30.1,94.7,91.9,58.4,73.1,75.1,32.7,77.8,73.0,100.0,61.4,65.4,82.4,86.3,60.6,0.0,85.6,68.3,74.9,46.3,62.7,98.6,83.5,99.2,75.2,58.3,87.9,73.1,72.8,86.9,64.2,92.7,3
86,127,SLV,El Salvador,26.2,49.7,62.6,76.2,71.1,68.7,78.2,95.2,100.0,100.0,88.7,80.7,45.9,62.8,69.1,0.0,77.3,83.9,71.2,54.5,49.7,71.3,88.7,59.7,58.5,99.7,77.9,79.6,35.0,65.9,60.2,91.1,99.2,91.4,48.8,66.1,63.1,62.7,94.9,45.3,72.8,3
87,128,GTM,Guatemala,21.2,36.7,67.6,84.1,68.0,74.3,17.5,97.9,100.0,51.7,74.3,61.8,53.0,60.5,56.3,1.6,68.6,83.9,36.1,33.7,50.0,70.9,81.8,45.5,82.8,58.0,85.5,27.0,42.6,55.7,60.1,89.9,95.0,84.0,70.2,70.0,50.5,46.5,76.6,27.6,50.3,3
88,129,HND,Honduras,17.2,47.1,73.1,41.4,75.4,64.3,63.6,96.6,100.0,48.5,84.4,59.5,63.7,29.4,64.0,0.1,83.0,81.7,35.6,33.7,56.0,62.2,74.8,50.9,71.4,60.2,76.4,36.1,44.7,54.5,64.3,81.7,95.2,75.5,83.4,59.4,51.8,58.9,79.9,33.7,72.9,3
89,130,MEX,Mexico,23.3,52.7,57.6,93.9,49.2,71.5,79.1,93.7,100.0,29.7,81.7,86.7,49.6,78.2,64.6,3.5,86.0,97.2,65.5,52.2,54.5,73.4,83.3,54.0,74.7,70.7,71.5,54.6,45.5,64.2,88.1,70.8,98.0,64.5,70.1,76.0,63.6,57.1,84.0,55.6,92.4,3
90,131,NIC,Nicaragua,18.9,59.6,67.1,95.0,65.5,78.9,75.2,93.6,100.0,39.5,95.7,65.0,40.6,49.2,81.0,38.9,74.8,85.3,31.8,48.4,62.4,88.2,85.5,47.1,68.2,78.9,82.6,66.6,59.4,65.2,54.6,86.2,95.3,78.7,70.7,62.0,64.7,57.9,100.0,52.6,65.3,3
91,132,PAN,Panama,20.5,74.6,51.3,92.1,61.3,65.7,74.0,97.6,100.0,74.2,80.0,88.8,34.6,77.7,82.3,20.4,80.8,85.0,42.7,42.5,77.9,88.3,90.2,50.5,62.1,94.3,71.6,68.0,53.5,70.3,76.2,79.2,93.1,92.7,77.6,59.6,68.7,54.9,85.0,50.3,80.3,3
92,133,VEN,Venezuela,15.6,60.6,47.8,95.3,52.6,65.6,78.2,74.2,100.0,100.0,85.8,99.5,43.1,63.6,76.4,0.0,85.1,82.4,17.4,43.5,64.9,63.5,59.8,44.9,63.2,51.3,71.6,68.1,33.9,60.8,90.5,76.1,97.5,65.6,53.9,70.1,64.3,57.3,58.8,52.4,83.2,3
93,135,BRA,Brazil,31.7,64.9,45.9,89.3,28.3,76.9,85.8,97.0,100.0,89.0,97.2,92.7,38.1,89.8,52.6,7.2,82.8,87.8,35.2,43.7,72.8,63.1,89.7,47.8,88.2,55.4,85.2,87.3,36.6,67.6,75.0,79.6,99.0,86.1,68.9,62.1,62.9,53.4,93.9,52.5,88.9,3
94,136,PRY,Paraguay,26.1,52.8,43.8,81.3,51.0,90.9,92.3,97.9,100.0,100.0,86.9,71.2,43.9,65.3,60.5,27.3,73.4,88.4,100.0,42.0,76.6,63.2,91.6,61.0,78.4,49.1,85.3,79.5,33.5,66.1,82.0,81.7,91.7,71.3,71.7,55.4,62.3,59.9,95.7,52.6,78.6,3
95,160,AFG,Afghanistan,14.8,5.7,96.6,0.0,96.6,68.2,14.2,74.6,13.1,27.6,38.0,31.8,77.7,31.3,26.7,27.3,41.1,0.0,18.4,13.7,19.5,1.3,65.4,20.5,93.0,18.3,0.0,30.7,18.9,20.6,21.1,88.3,49.7,82.5,51.6,34.7,26.5,27.7,46.4,31.2,4.3,5
96,139,DZA,Algeria,77.8,53.2,94.5,62.8,35.5,67.9,78.7,78.7,37.3,100.0,79.6,99.8,79.7,79.8,48.4,85.7,85.2,62.1,84.6,44.5,35.5,73.6,96.4,34.4,87.3,74.1,36.8,43.9,43.0,67.4,91.5,87.2,96.2,59.0,85.7,61.3,66.4,48.2,82.6,67.9,86.1,0
97,140,BHR,Bahrain,65.7,39.5,90.4,61.3,49.1,68.4,91.3,90.2,30.1,100.0,69.6,99.8,79.6,96.4,42.5,79.1,87.0,61.1,100.0,69.5,9.6,80.7,97.0,76.0,87.1,60.1,39.8,92.7,63.7,69.7,93.2,85.7,98.6,81.7,84.7,70.8,80.3,75.2,100.0,65.1,84.6,0
98,141,EGY,Egypt,27.3,22.5,96.5,53.4,24.9,68.0,68.4,72.3,25.7,100.0,91.6,99.6,88.8,78.2,0.2,95.1,88.6,67.4,100.0,45.6,7.5,26.9,91.1,52.0,88.9,71.0,46.8,77.1,20.6,53.0,74.2,94.2,93.1,55.9,73.9,73.3,55.5,52.3,69.4,46.0,90.0,0
99,142,IRN,Iran,50.2,51.3,100.0,77.8,46.5,66.3,84.4,78.5,46.9,14.2,93.3,99.7,68.2,72.6,58.7,67.4,87.7,53.2,76.6,65.4,31.0,71.3,96.6,48.3,87.1,77.3,36.6,34.2,27.5,62.4,92.1,88.2,98.4,73.4,73.7,77.5,73.1,59.2,72.1,66.8,83.6,0
100,143,IRQ,Iraq,28.3,52.4,94.4,58.5,46.5,68.1,64.4,67.6,0.0,75.5,59.6,99.8,91.9,57.2,52.5,44.8,92.6,14.7,100.0,66.7,16.7,74.1,91.9,37.1,89.2,64.2,36.8,74.6,64.7,57.0,78.3,87.8,90.5,56.3,86.0,59.5,64.5,46.0,59.4,66.8,75.4,0
101,144,JOR,Jordan,50.9,55.4,96.9,75.0,68.8,68.6,85.9,91.6,37.4,100.0,55.4,100.0,89.9,90.4,44.3,63.6,84.2,72.7,100.0,67.4,38.2,78.1,96.5,47.1,87.3,92.5,53.8,50.8,56.9,72.5,94.4,84.2,99.6,37.7,96.2,84.8,74.0,59.2,84.5,69.2,89.4,0
102,145,KWT,Kuwait,82.4,57.9,99.8,87.1,1.1,67.9,97.1,92.3,100.0,100.0,78.0,100.0,93.8,98.1,56.0,91.6,89.5,69.2,100.0,80.9,15.4,96.5,100.0,64.1,85.7,72.6,37.8,65.3,50.8,70.8,97.0,89.3,98.6,61.4,100.0,73.2,85.4,73.8,86.9,72.7,89.5,0
103,146,LBN,Lebanon,29.2,49.4,82.4,0.0,45.1,68.1,80.7,83.2,14.0,100.0,63.8,100.0,77.8,86.5,40.6,53.0,84.7,57.6,100.0,66.8,40.6,58.3,96.9,66.7,86.8,78.3,36.8,52.7,76.9,54.6,98.2,84.2,84.8,20.0,79.5,73.5,79.8,72.9,75.3,66.2,68.6,0
104,147,LBY,Libya,69.3,37.1,100.0,65.3,35.3,68.0,69.4,73.3,0.1,100.0,58.0,100.0,78.7,86.9,40.6,68.2,78.0,58.7,100.0,53.7,25.6,41.9,78.2,61.6,86.2,78.6,37.1,38.0,29.9,61.6,86.2,88.9,98.2,69.4,57.5,66.3,63.8,59.3,88.0,61.2,81.9,0
105,148,MAR,Morocco,58.1,39.6,94.6,25.1,47.3,58.0,73.8,87.6,73.3,100.0,75.0,98.2,77.4,66.3,44.3,84.1,75.1,51.0,100.0,30.1,39.5,43.5,92.8,38.5,89.3,50.4,36.7,37.2,37.1,59.9,86.6,87.3,82.3,82.0,62.2,35.5,49.4,51.7,95.3,51.8,67.6,0
106,149,PSE,Palestine,21.0,46.3,100.0,64.8,63.1,68.2,87.1,91.0,18.9,100.0,66.2,99.5,93.8,64.9,46.9,45.4,74.2,44.9,100.0,77.0,38.5,60.6,90.4,55.6,89.8,61.5,36.9,89.9,68.6,67.0,91.3,88.3,98.4,48.5,92.1,78.9,65.6,60.5,97.7,60.8,57.0,0
107,150,OMN,Oman,71.1,45.4,95.0,59.7,20.0,69.9,75.7,59.5,100.0,100.0,38.8,99.5,56.6,92.3,46.7,99.6,85.9,67.8,100.0,71.2,31.4,63.9,96.4,59.0,86.5,75.6,41.4,55.6,6.2,63.8,98.0,89.6,99.1,92.2,98.4,72.2,77.0,66.4,87.0,64.4,79.8,0
108,151,QAT,Qatar,73.8,39.8,82.4,52.0,3.0,71.6,84.6,88.7,100.0,100.0,73.8,100.0,95.9,99.2,33.4,91.3,88.6,66.8,100.0,79.5,3.5,84.5,97.7,70.2,86.1,52.0,43.7,74.7,29.7,61.1,96.2,89.5,99.6,80.2,80.9,65.0,83.6,75.1,97.1,75.5,88.2,0
109,152,SAU,Saudi Arabia,78.0,39.8,96.9,54.8,4.2,68.7,84.4,90.7,9.5,83.7,39.7,99.9,77.5,94.5,35.9,93.6,85.9,73.2,60.5,63.4,9.7,67.6,97.2,66.9,85.8,84.8,39.1,46.4,15.3,58.9,96.8,89.6,98.2,86.3,98.0,58.8,74.7,73.4,99.6,62.2,89.2,0
110,522,SDN,Sudan,18.4,26.9,86.6,0.0,81.9,67.9,34.7,21.4,16.6,100.0,22.8,57.6,48.3,53.0,22.2,83.9,24.6,39.6,12.1,24.3,25.4,38.9,89.4,20.9,90.7,48.8,36.5,30.5,22.7,35.2,11.7,81.8,78.2,96.7,77.5,42.6,48.5,30.7,82.6,29.5,30.8,5
111,153,SYR,Syria,42.7,41.6,96.6,63.1,36.4,67.9,55.9,37.9,0.0,100.0,57.6,100.0,97.9,65.7,45.6,69.2,85.2,50.5,100.0,73.0,29.4,49.2,92.5,60.9,88.8,63.0,36.8,57.5,57.6,61.0,90.0,87.4,93.4,60.9,97.3,71.2,62.8,51.6,35.6,73.0,83.9,0
112,154,TUN,Tunisia,89.8,48.2,94.3,51.9,39.5,67.7,84.7,92.6,41.1,100.0,76.5,99.8,71.8,76.0,59.4,99.0,81.8,61.7,100.0,62.3,34.1,72.7,95.9,56.4,87.7,80.7,36.5,53.2,22.5,66.7,85.1,86.7,98.6,45.7,96.9,67.2,77.1,66.7,68.6,64.9,76.8,0
113,155,TUR,Turkey,51.0,51.6,85.2,81.0,30.4,75.4,82.7,98.4,15.9,100.0,63.0,99.5,88.9,68.4,52.2,69.8,84.4,70.2,100.0,66.9,27.2,69.2,97.1,50.8,86.8,44.5,60.2,56.9,61.7,66.1,90.9,83.7,96.8,35.3,95.1,66.8,74.7,59.5,82.2,70.7,73.9,0
114,156,ARE,United Arab Emirates,71.1,34.6,59.9,74.1,24.8,69.5,80.3,54.0,100.0,100.0,75.1,99.8,76.6,99.3,48.0,86.4,88.1,67.2,100.0,74.3,30.7,31.7,98.0,68.7,85.6,58.6,42.3,81.4,4.5,61.0,99.3,84.9,99.6,73.5,77.2,74.9,61.4,75.9,94.0,56.0,86.7,0
115,157,YEM,Yemen,19.5,27.7,99.6,0.0,88.6,67.9,20.7,13.0,0.0,45.5,40.6,74.7,75.7,48.7,33.4,59.5,48.6,28.7,12.5,21.1,27.6,27.9,80.3,22.3,91.3,45.2,36.7,28.1,14.1,32.3,51.9,88.1,38.3,61.9,69.9,51.7,42.0,31.6,52.8,28.5,37.6,1
116,161,BGD,Bangladesh,23.3,23.1,99.9,0.0,99.7,1.7,32.0,31.9,50.5,53.0,83.5,49.2,92.1,49.3,43.2,75.9,25.3,37.5,49.1,25.7,15.3,44.3,51.3,22.5,97.6,22.0,45.2,68.9,70.1,33.4,28.6,61.2,34.6,49.5,69.4,37.4,47.3,39.4,77.0,23.8,10.6,1
117,162,BTN,Bhutan,42.4,38.9,90.2,0.0,76.5,32.9,44.8,82.2,100.0,100.0,86.9,75.9,60.0,71.4,41.8,88.0,82.8,69.8,56.5,25.9,33.6,60.6,85.8,26.3,97.0,23.0,64.0,73.5,71.7,49.6,56.4,56.5,67.0,93.8,72.0,39.7,53.8,42.3,70.9,28.7,74.5,1
118,163,IND,India,51.5,18.4,73.4,1.5,82.0,55.5,31.5,12.6,53.3,47.7,76.1,69.0,59.9,52.6,55.9,59.6,55.3,49.5,20.8,26.1,1.6,39.2,84.3,19.3,98.1,38.8,48.6,65.2,43.0,34.7,62.1,55.7,80.7,80.8,28.7,27.4,42.8,33.5,58.2,11.3,41.0,1
119,164,NPL,Nepal,28.4,18.0,88.8,0.0,98.7,34.4,42.3,63.0,100.0,26.1,61.2,59.2,67.3,52.5,62.8,75.4,58.2,68.6,45.8,20.4,4.2,44.4,54.7,24.7,97.7,6.1,67.0,73.0,27.9,30.4,51.0,37.5,56.7,48.2,55.6,31.8,46.2,40.6,68.5,14.9,22.5,1
120,165,PAK,Pakistan,36.8,20.0,100.0,0.0,97.9,33.4,23.0,33.3,41.0,77.6,44.8,63.6,67.3,54.8,44.6,51.8,56.5,34.9,15.3,12.9,18.2,23.6,78.5,7.5,97.4,41.8,46.1,57.1,23.6,33.9,62.2,60.9,55.2,74.4,82.6,30.2,34.9,26.0,67.9,19.1,17.1,1
121,6,CHN,China,80.0,38.6,60.5,78.7,65.3,76.2,83.9,93.0,100.0,67.6,100.0,84.0,74.5,91.2,19.3,87.3,88.0,70.8,97.1,76.2,19.9,60.5,88.1,63.4,52.9,47.6,90.7,24.5,46.5,61.7,73.4,0.0,98.4,41.3,61.7,53.6,78.7,63.5,88.1,73.8,79.2,4
122,7,PRK,North Korea,100.0,18.5,77.9,0.0,92.7,81.8,58.7,73.3,100.0,100.0,85.8,47.5,76.9,45.6,10.5,63.5,93.0,57.5,40.5,40.1,39.4,30.7,86.4,44.1,62.2,20.7,90.8,19.9,37.8,43.2,63.5,0.0,87.4,52.5,43.7,32.3,54.8,48.4,70.8,58.8,89.4,1
123,8,TWN,Taiwan,99.8,62.6,58.9,90.5,22.9,80.7,89.9,94.8,100.0,76.6,100.0,97.4,84.5,79.2,4.5,82.0,96.6,81.0,100.0,74.1,51.0,78.2,95.0,82.5,43.6,80.5,90.7,74.8,52.8,69.9,95.9,0.0,99.7,58.0,34.7,60.6,87.9,85.7,85.2,78.8,95.5,2
124,298,ASM,American Samoa,42.2,42.0,84.9,77.3,37.4,6.6,83.3,79.6,100.0,100.0,78.9,85.9,81.8,77.6,24.3,45.8,94.0,70.5,100.0,34.6,74.7,31.6,97.6,65.0,69.2,64.6,85.9,46.4,67.2,61.2,91.7,37.8,99.2,28.9,64.6,76.7,53.3,67.5,24.7,53.8,77.0,4
125,25,FSM,Federated States of Micronesia,40.9,29.0,87.7,0.0,72.2,4.1,75.5,73.1,100.0,100.0,62.7,73.1,43.0,54.0,18.6,45.1,87.9,59.7,100.0,28.1,79.4,10.3,80.5,47.0,73.8,57.3,86.0,36.7,42.4,42.9,74.7,46.5,97.9,23.7,25.4,38.4,40.3,54.6,50.8,46.0,61.1,1
126,22,FJI,Fiji,43.4,24.7,76.6,73.8,51.5,4.7,89.6,65.4,100.0,100.0,76.5,76.9,63.6,70.1,38.9,53.7,90.9,64.7,100.0,44.9,80.8,6.2,89.4,37.3,71.5,73.8,86.0,58.5,62.6,59.3,80.4,41.5,99.1,35.3,48.5,60.8,47.6,45.4,86.9,35.8,73.7,4
127,351,GUM,Guam,35.8,52.7,90.9,83.0,0.5,2.5,87.3,83.5,100.0,100.0,88.9,93.4,65.4,90.5,16.7,49.1,96.2,76.3,100.0,52.8,76.9,34.1,94.6,52.4,65.4,76.4,86.0,66.9,51.6,58.5,97.0,38.1,98.7,33.8,16.8,57.1,63.8,60.7,26.1,71.1,83.0,4
128,23,KIR,Kiribati,40.0,10.7,85.9,42.7,80.6,6.9,58.3,51.0,100.0,100.0,40.0,31.4,90.3,42.8,17.3,74.7,77.9,55.0,100.0,19.0,81.3,0.1,74.1,27.3,78.3,66.6,85.7,20.4,58.8,33.4,37.9,5.8,83.8,0.0,6.5,22.2,23.0,33.2,56.7,14.9,39.7,1
129,24,MHL,Marshall Islands,25.2,28.5,86.5,0.0,76.8,3.8,74.0,71.3,100.0,100.0,88.9,77.3,64.3,62.3,12.6,42.8,86.1,59.1,100.0,19.5,82.4,0.2,84.6,40.2,74.5,56.6,86.0,31.9,30.1,40.0,69.1,41.7,92.7,57.1,13.4,30.2,31.5,48.9,49.8,42.4,57.3,1
130,376,MNP,Northern Mariana Islands,39.7,59.6,87.6,81.5,27.6,6.7,85.7,81.9,100.0,100.0,85.2,87.8,77.6,85.8,15.6,49.0,95.5,73.7,100.0,54.3,83.0,56.6,93.8,65.9,66.9,79.7,86.0,69.6,58.9,65.0,95.5,40.4,99.2,33.2,39.4,54.8,69.3,71.9,26.5,66.5,81.2,4
131,26,PNG,Papua New Guinea,28.2,0.2,59.2,41.6,86.2,3.7,24.0,35.3,100.0,100.0,36.7,28.8,45.6,33.6,21.2,29.9,57.1,48.0,5.4,3.6,78.4,0.0,54.6,21.9,78.6,13.1,86.0,25.3,17.4,25.8,12.5,42.8,56.1,13.4,12.6,31.4,27.3,28.4,38.6,11.7,25.0,1
132,27,WSM,Samoa,37.4,33.1,77.3,0.0,58.7,3.9,84.3,88.6,100.0,100.0,42.3,57.0,63.7,44.9,25.3,57.3,94.5,62.9,100.0,60.1,79.1,39.4,84.7,55.4,73.7,71.9,86.0,47.5,59.9,47.5,96.3,56.4,78.0,24.8,47.9,59.1,47.5,59.7,37.8,53.3,82.7,4
133,28,SLB,Solomon Islands,27.0,4.3,88.0,0.0,87.3,2.0,55.2,74.4,100.0,100.0,59.3,26.7,64.7,27.4,18.3,45.4,81.7,48.7,4.2,28.0,78.7,9.7,72.6,36.6,78.4,64.9,85.9,32.7,34.6,35.4,21.8,47.3,91.8,33.5,26.8,45.8,41.0,45.1,56.4,30.3,51.6,1
134,29,TON,Tonga,62.0,35.5,88.1,67.7,42.8,13.5,84.9,70.5,100.0,100.0,35.8,72.0,72.8,58.9,8.0,68.5,90.7,66.7,100.0,33.4,80.8,34.4,91.5,51.0,71.9,61.9,85.9,25.5,55.8,59.0,83.1,53.5,98.5,25.6,69.9,62.1,48.7,55.8,64.9,50.8,68.1,4
135,30,VUT,Vanuatu,32.3,14.6,92.8,0.0,75.0,8.5,53.9,70.9,100.0,100.0,49.0,40.0,64.1,48.3,11.0,72.6,63.0,59.2,19.7,34.0,78.8,3.5,64.2,33.5,77.0,20.1,85.9,32.3,36.1,33.8,24.4,49.4,82.2,50.8,23.9,47.9,27.6,42.3,28.7,27.4,30.9,1
136,10,KHM,Cambodia,36.8,21.4,44.9,0.0,98.5,60.5,32.5,53.2,72.5,100.0,59.7,35.4,63.3,61.6,3.9,66.1,67.9,79.9,27.6,33.7,48.6,47.6,80.0,29.6,74.3,22.4,79.1,52.1,25.8,40.3,52.9,82.0,92.6,48.9,81.6,23.8,50.6,40.5,78.0,28.6,53.1,1
137,11,IDN,Indonesia,49.3,39.1,97.5,0.0,71.0,78.5,40.7,30.3,69.0,67.6,84.0,72.2,59.8,61.9,29.5,86.8,74.9,74.4,25.3,25.6,63.2,37.7,75.4,34.4,28.3,28.3,74.5,64.3,49.2,43.0,77.9,89.6,85.0,20.6,97.4,27.0,50.4,45.1,43.3,21.1,58.6,1
138,12,LAO,Laos,26.7,19.3,69.4,0.0,93.7,79.0,21.7,69.1,59.1,100.0,66.9,39.4,66.7,47.3,23.8,58.7,62.4,72.9,23.8,24.2,49.9,31.2,79.3,16.9,83.8,30.3,74.5,50.9,26.9,36.5,31.1,79.0,49.4,42.7,55.6,33.8,37.1,26.3,49.0,23.1,37.8,1
139,13,MYS,Malaysia,74.1,48.4,83.1,53.7,37.3,78.8,69.7,48.5,100.0,72.2,82.9,98.2,51.4,72.7,53.6,72.2,95.6,82.3,49.6,47.2,65.7,56.8,90.4,69.4,77.8,66.7,75.1,46.0,31.7,66.3,97.5,89.2,99.4,51.0,58.1,51.8,67.2,75.6,65.5,54.3,86.4,4
140,14,MDV,Maldives,61.7,79.5,87.7,69.2,73.7,75.2,69.6,52.5,100.0,100.0,54.2,90.4,96.2,74.8,48.1,91.4,77.0,78.1,100.0,40.6,91.0,85.9,87.6,64.0,80.6,64.5,77.4,100.0,69.8,72.2,82.9,88.5,99.0,51.2,94.6,59.2,75.3,74.1,72.0,64.0,35.1,0
141,183,MUS,Mauritius,53.9,48.0,64.5,91.6,53.7,78.9,77.5,40.0,100.0,100.0,78.7,97.3,44.6,71.1,35.2,66.4,98.8,79.1,100.0,47.9,69.8,50.1,64.8,46.1,78.9,90.1,74.4,75.4,57.9,71.3,95.7,83.9,99.4,48.1,55.6,74.7,65.4,60.2,84.1,73.0,97.6,4
142,15,MMR,Myanmar,52.2,21.1,87.4,0.0,85.6,79.4,46.1,63.8,52.8,90.2,83.2,51.1,47.6,55.3,18.6,75.0,58.9,75.7,25.2,20.6,35.6,37.4,65.6,22.1,97.0,34.0,82.0,21.6,36.2,40.3,48.0,92.1,68.4,48.5,77.3,28.5,45.2,32.4,56.8,27.3,32.0,1
143,16,PHL,Philippines,30.9,22.5,68.4,80.3,88.0,83.0,44.3,66.3,26.7,60.1,57.9,62.7,52.1,44.6,25.6,20.7,77.1,87.0,47.2,39.5,61.5,33.7,71.4,38.2,75.5,47.8,87.9,76.2,57.5,54.1,87.7,74.6,68.7,43.0,69.6,24.9,44.5,44.6,75.4,35.9,43.3,1
144,17,LKA,Sri Lanka,60.3,55.9,67.1,74.5,68.4,66.8,76.4,39.0,74.9,45.2,66.3,70.9,80.3,62.7,43.3,57.7,84.6,61.3,100.0,60.2,80.7,71.4,89.1,60.3,88.6,66.3,86.8,68.8,55.3,65.0,68.9,85.1,100.0,74.5,18.7,58.2,73.6,71.6,71.0,52.0,61.5,4
145,186,SYC,Seychelles,28.6,52.4,64.1,76.3,70.5,77.5,85.6,77.5,100.0,100.0,84.6,96.0,62.3,74.8,32.3,45.7,87.4,75.6,100.0,44.3,57.2,48.5,88.5,53.6,79.6,66.9,75.6,53.6,52.1,67.5,87.6,80.7,97.5,55.5,57.3,69.0,61.3,62.5,88.5,51.1,65.4,4
146,18,THA,Thailand,44.8,60.0,53.3,67.0,58.4,92.4,77.5,65.0,54.8,52.2,99.1,88.4,38.9,71.1,24.1,46.0,74.3,74.8,49.9,53.7,47.0,78.9,82.0,66.6,79.8,41.1,74.3,76.4,29.7,58.7,98.4,77.1,99.2,53.0,45.9,49.0,72.6,71.1,53.5,45.8,39.0,3
147,19,TLS,Timor-Leste,27.5,25.5,99.9,0.0,81.6,67.1,12.9,13.9,100.0,100.0,43.3,37.3,59.6,40.2,32.2,61.4,74.2,42.4,48.1,18.4,60.5,42.3,64.9,30.0,83.9,43.4,36.5,54.7,62.0,36.4,21.1,89.6,46.9,10.8,61.5,30.7,39.4,37.6,59.3,29.4,46.4,1
148,20,VNM,Vietnam,52.3,41.6,31.2,0.0,83.3,81.5,61.9,70.9,100.0,41.8,79.9,73.9,46.8,58.3,21.2,77.5,63.1,79.6,46.3,75.9,43.7,49.0,66.2,53.2,81.7,43.6,74.5,42.8,34.9,46.1,71.2,78.2,95.6,49.5,60.5,37.4,65.5,61.4,62.6,51.7,60.3,1
149,168,AGO,Angola,8.7,26.4,67.0,0.0,64.3,35.9,25.6,73.7,41.9,68.2,23.5,53.1,29.1,32.7,19.4,56.5,4.7,14.0,5.3,21.6,41.8,45.7,69.5,20.0,63.0,37.1,15.0,31.2,24.4,25.7,38.4,26.0,43.8,84.6,40.1,13.4,22.1,23.3,27.2,7.5,10.7,5
150,169,CAF,Central African Republic,17.3,2.4,66.4,0.0,83.6,36.0,25.4,63.3,0.0,100.0,12.0,21.7,25.5,16.4,25.4,36.9,9.1,36.3,1.9,1.3,25.5,15.2,52.9,4.9,68.4,18.7,30.7,18.8,0.1,11.6,3.6,64.5,36.4,87.6,25.5,0.8,2.8,8.0,24.8,0.5,0.9,5
151,170,COG,Congo,23.6,20.9,64.6,0.0,74.9,36.2,64.8,54.9,33.5,100.0,38.0,63.2,20.4,49.2,26.8,46.8,12.5,29.8,3.5,8.0,30.9,33.3,68.5,24.2,57.4,45.6,16.1,33.7,24.5,30.7,23.9,37.6,93.9,85.3,33.4,13.6,30.2,27.3,46.6,10.1,31.1,6
152,171,COD,Democratic Republic of the Congo,17.5,13.0,76.7,0.0,68.3,36.5,23.8,62.3,16.5,22.0,12.2,23.5,49.1,19.8,23.3,57.8,0.1,0.1,2.1,10.5,32.0,41.7,11.1,17.2,72.6,20.9,0.0,28.1,24.1,17.9,18.0,0.8,53.3,85.5,41.6,8.4,23.2,17.9,48.4,10.3,10.8,5
153,172,GNQ,Equatorial Guinea,11.8,31.8,39.6,0.0,2.3,37.7,65.4,87.4,100.0,100.0,26.8,63.6,18.7,52.4,26.0,56.5,18.0,42.3,2.1,24.1,24.2,61.8,81.1,23.7,54.6,58.9,17.2,45.8,36.4,29.2,69.7,5.3,94.7,90.6,51.3,14.9,35.9,27.8,6.0,21.5,38.7,6
154,173,GAB,Gabon,26.5,35.1,57.6,0.0,61.5,35.9,68.0,89.2,100.0,100.0,45.7,90.5,36.8,55.2,28.3,49.3,25.6,17.1,4.0,21.9,31.0,47.2,78.1,27.7,44.3,64.5,25.6,38.9,24.6,37.1,49.9,33.1,92.9,83.3,38.5,17.5,41.6,37.9,36.8,21.0,60.3,6
155,175,BDI,Burundi,31.1,12.5,34.1,0.0,90.6,44.4,6.3,61.4,20.6,63.0,33.3,13.8,42.4,35.3,31.0,96.2,0.8,33.2,3.7,16.3,35.1,43.2,59.1,16.1,50.0,10.3,27.6,22.7,17.0,20.0,6.8,4.6,81.5,86.0,38.0,4.0,25.0,18.2,90.9,8.7,5.7,5
156,176,COM,Comoros,36.1,25.7,97.5,0.0,51.1,43.9,38.2,54.6,100.0,100.0,26.1,35.8,83.4,51.4,39.3,36.5,11.1,66.1,24.8,25.1,57.2,46.9,84.1,17.3,76.0,23.1,62.3,28.1,36.3,35.5,14.4,88.9,82.7,85.6,56.8,24.9,28.5,30.6,54.5,13.7,32.2,1
157,177,DJI,Djibouti,33.0,31.6,90.9,0.0,42.5,43.3,43.6,7.5,49.0,100.0,49.7,73.4,31.1,48.3,34.9,36.6,8.1,42.1,13.9,9.0,31.0,44.9,91.9,26.2,38.1,47.8,27.2,31.2,32.7,32.8,25.1,62.9,95.0,67.8,56.5,16.6,30.8,32.0,57.7,18.7,27.8,6
158,178,ERI,Eritrea,33.5,15.0,83.6,0.0,78.9,43.5,28.2,44.4,100.0,100.0,21.8,38.7,42.0,40.9,23.5,26.0,2.9,29.3,19.2,6.1,28.8,26.7,73.0,28.3,43.7,33.8,27.3,19.6,19.2,26.1,11.3,59.1,30.2,100.0,28.6,8.7,17.9,31.3,100.0,4.5,20.0,5
159,179,ETH,Ethiopia,16.8,27.1,78.1,0.0,84.5,24.3,23.3,50.5,27.2,51.8,61.2,21.2,50.1,16.7,20.5,32.9,0.3,10.3,19.1,21.7,31.8,65.3,40.8,19.6,48.8,17.1,27.2,28.4,46.9,23.0,0.7,43.9,19.7,100.0,49.4,23.0,23.7,26.8,40.9,8.8,19.6,5
160,180,KEN,Kenya,23.1,26.9,58.6,0.0,76.3,3.1,39.3,73.6,29.4,63.4,77.8,41.4,16.1,57.2,38.7,28.2,4.9,33.4,10.8,14.1,42.5,57.6,71.6,25.6,58.0,27.0,44.0,21.8,40.9,31.7,23.1,35.1,63.6,85.4,43.5,14.9,37.6,32.6,69.0,10.3,28.7,6
161,181,MDG,Madagascar,6.9,9.8,82.8,33.5,82.9,43.9,13.3,48.5,31.2,34.8,38.4,10.6,44.4,41.4,23.6,75.3,4.0,30.7,9.0,15.9,53.1,26.1,49.7,16.6,48.7,2.9,27.2,28.8,36.2,23.6,0.3,57.7,40.3,77.0,43.9,27.8,19.7,20.3,67.4,5.2,13.3,5
162,182,MWI,Malawi,10.9,22.1,80.6,0.0,60.4,44.7,34.2,83.4,51.2,100.0,75.7,14.9,19.3,40.1,22.4,73.8,2.9,49.1,3.5,25.1,52.9,50.0,81.6,16.8,37.5,24.3,0.0,29.3,38.5,27.6,10.4,7.5,88.7,84.0,39.6,8.5,36.1,23.3,82.8,11.3,16.3,6
163,184,MOZ,Mozambique,14.2,16.3,75.7,36.8,61.8,66.1,35.8,80.2,32.5,75.4,44.9,12.9,4.7,20.6,24.0,38.3,5.0,42.3,2.4,20.7,56.2,29.7,64.5,18.1,16.0,22.8,28.7,19.8,25.8,27.8,10.2,48.7,52.2,79.1,24.6,1.9,26.2,20.3,85.3,11.6,13.3,5
164,185,RWA,Rwanda,46.2,24.4,50.2,0.0,55.5,44.2,29.6,88.7,58.2,75.0,56.0,28.0,33.4,51.8,25.2,59.1,0.0,26.2,11.2,24.7,31.7,63.9,58.9,26.5,30.2,19.4,24.1,31.4,19.3,28.8,15.5,43.6,89.8,81.1,44.0,15.4,32.7,31.1,98.0,14.9,28.7,6
165,187,SOM,Somalia,14.7,7.6,94.6,0.0,85.1,43.3,41.8,30.7,0.0,100.0,0.0,4.4,58.2,25.3,19.6,30.2,2.1,17.8,14.3,10.9,42.0,26.1,59.6,12.2,54.4,4.2,27.6,20.2,5.1,11.6,9.9,63.4,31.1,95.0,49.1,16.4,0.4,12.5,0.1,7.9,12.9,5
166,435,SSD,South Sudan,6.6,9.5,95.2,0.0,78.2,44.1,43.3,5.9,0.0,100.0,0.0,11.1,41.5,28.0,26.6,31.8,0.5,14.7,5.1,10.7,30.2,38.6,39.4,8.8,51.9,8.9,26.9,21.4,25.1,12.4,0.2,61.0,24.5,87.5,40.5,16.2,3.6,12.0,15.3,2.6,0.9,5
167,189,TZA,Tanzania,13.9,24.6,66.4,0.0,74.9,31.6,38.0,78.2,50.1,82.5,45.6,25.1,31.7,60.7,34.0,42.8,2.9,24.9,6.5,17.5,45.7,58.1,46.8,18.7,12.7,25.2,37.0,29.9,47.0,29.9,21.5,31.7,62.6,79.4,53.2,13.8,32.7,24.6,85.0,15.0,26.8,6
168,190,UGA,Uganda,11.4,25.6,63.4,0.0,70.8,45.5,40.4,83.5,51.0,66.6,47.1,28.9,26.7,3.8,29.4,51.0,6.7,7.1,2.5,33.5,24.4,52.9,48.0,18.2,28.2,23.5,0.0,33.4,28.0,21.9,11.6,3.8,72.0,85.6,41.6,8.5,27.7,25.2,61.4,13.9,27.0,5
169,191,ZMB,Zambia,12.4,24.6,73.5,0.0,13.1,50.1,26.8,69.8,73.1,100.0,63.6,38.0,12.0,63.6,23.6,42.6,9.5,27.7,4.9,33.4,48.0,47.4,65.5,20.7,60.9,28.6,23.8,28.4,37.8,31.7,22.3,23.5,69.6,66.4,36.3,4.6,38.6,24.3,96.0,10.3,29.0,6
170,193,BWA,Botswana,35.4,36.8,48.3,0.0,52.8,0.0,52.1,70.0,100.0,100.0,87.5,71.3,7.9,63.0,36.6,39.7,32.8,62.2,38.5,39.7,52.8,59.9,89.2,39.9,79.8,55.6,50.9,39.0,47.7,43.7,52.1,73.6,97.2,61.8,48.4,6.1,57.7,48.4,80.4,20.4,60.7,6
171,194,LSO,Lesotho,23.5,11.8,35.9,0.0,67.3,32.6,34.5,90.4,41.6,100.0,83.7,53.7,1.2,26.4,32.1,1.7,0.0,42.4,100.0,14.0,44.5,14.8,86.4,13.7,69.9,42.1,51.0,18.6,7.9,22.8,12.4,69.8,79.4,61.6,1.2,0.0,36.4,21.9,95.3,7.9,16.1,6
172,195,NAM,Namibia,29.3,34.4,32.5,0.0,78.5,32.2,59.3,57.8,55.6,100.0,89.8,65.5,7.2,53.6,47.1,22.4,47.4,40.6,18.1,36.1,50.5,54.9,76.3,29.0,84.0,55.5,49.4,34.8,34.0,39.8,43.9,71.3,88.7,63.3,41.0,2.5,50.0,35.4,85.0,18.0,46.8,6
173,196,ZAF,South Africa,28.3,42.6,36.5,77.6,28.2,28.0,58.6,85.1,46.7,74.2,84.0,90.5,4.7,60.6,48.1,8.4,44.4,78.2,53.3,34.0,47.5,53.3,83.5,35.9,62.4,55.1,62.1,42.2,24.7,50.4,66.4,79.8,98.9,51.6,43.0,4.2,55.6,39.1,82.1,22.9,67.8,3
174,197,SWZ,Swaziland,22.3,23.4,74.9,0.0,49.4,64.8,47.9,96.2,100.0,100.0,89.4,68.6,17.5,37.0,25.7,11.6,35.6,53.8,43.2,34.0,62.5,21.8,85.1,30.9,0.0,50.4,50.7,22.8,14.4,32.8,28.9,71.7,88.1,99.9,13.7,0.0,39.7,32.0,87.1,11.9,31.8,6
175,198,ZWE,Zimbabwe,13.8,17.4,71.8,52.5,81.8,30.7,49.9,89.0,57.6,100.0,92.5,44.5,12.0,36.6,17.4,35.4,13.9,40.3,11.6,17.2,55.0,29.5,81.6,18.6,79.2,29.4,41.6,3.1,29.0,35.0,34.6,19.2,79.3,65.1,6.2,0.1,32.8,26.8,80.3,15.0,23.0,6
176,200,BEN,Benin,18.5,19.7,80.7,0.0,63.0,31.2,33.5,50.1,47.0,100.0,16.9,26.3,39.9,0.1,6.6,43.7,4.8,50.7,1.3,15.8,36.9,53.0,48.7,13.2,88.0,32.3,32.6,33.0,11.4,22.4,9.6,80.2,85.1,95.0,43.3,26.0,33.4,17.5,44.6,9.6,22.5,5
177,201,BFA,Burkina Faso,14.1,14.2,61.4,0.0,78.0,30.9,53.1,30.9,34.3,85.8,39.5,13.8,51.5,34.5,2.8,24.2,5.0,73.5,1.2,19.9,33.6,46.8,70.5,16.0,89.4,38.0,55.8,23.0,30.4,24.2,2.7,89.9,68.3,89.1,35.8,21.0,34.1,11.7,87.4,9.2,5.4,5
178,202,CMR,Cameroon,15.8,19.8,56.9,0.0,55.6,31.3,47.4,76.2,23.3,84.4,41.8,59.4,24.0,67.1,3.0,61.5,8.5,31.5,2.9,13.5,14.9,46.8,62.2,19.6,86.1,30.5,33.2,34.6,32.4,28.9,23.6,58.7,56.7,93.7,33.4,20.8,37.1,20.4,69.3,12.1,20.7,5
179,203,CPV,Cape Verde,41.7,45.7,62.7,73.3,66.3,31.9,82.2,85.6,100.0,100.0,74.6,69.5,32.7,63.9,17.0,26.6,20.9,58.4,42.2,50.0,37.7,72.0,92.4,38.5,84.7,59.0,33.3,49.7,69.3,57.4,52.2,62.3,87.9,94.8,25.6,36.8,60.2,51.0,67.4,36.2,49.4,6
180,204,TCD,Chad,0.1,8.7,79.1,0.0,91.8,31.1,25.9,24.6,21.6,100.0,4.6,14.7,31.3,20.1,4.7,39.3,7.5,57.3,5.6,8.5,22.0,45.3,42.3,11.1,92.6,26.8,36.8,27.4,28.7,15.3,1.9,57.9,2.9,89.4,44.1,17.7,16.7,9.4,18.9,1.5,3.4,5
181,205,CIV,Cote d'Ivoire,13.6,18.3,75.6,0.0,74.1,37.2,47.9,69.2,48.4,61.7,29.9,31.8,21.0,48.4,9.6,27.6,10.8,51.9,5.5,13.2,50.5,44.1,60.4,10.7,87.3,39.9,27.8,30.9,33.7,30.3,27.7,80.3,57.1,78.9,33.9,21.1,33.0,17.5,59.3,12.9,24.1,5
182,206,GMB,The Gambia,22.4,14.6,88.5,0.0,85.4,31.2,62.8,45.2,45.0,100.0,23.8,26.8,32.5,43.0,4.2,88.7,5.0,81.5,18.0,5.1,38.7,36.9,50.7,21.4,94.2,48.9,54.3,30.6,35.6,32.3,25.8,90.5,59.2,83.0,49.8,18.9,34.5,30.7,85.0,15.6,25.3,5
183,207,GHA,Ghana,32.9,22.2,45.9,24.3,87.7,31.1,67.5,65.0,43.7,61.0,39.1,52.9,28.7,70.0,8.0,62.1,7.8,61.9,3.9,31.0,40.1,44.3,81.2,15.9,66.1,49.0,35.9,32.0,30.2,39.1,26.8,64.1,67.9,100.0,49.1,20.1,43.2,27.1,92.6,17.8,12.6,6
184,208,GIN,Guinea,8.9,8.8,96.4,0.0,84.7,30.6,44.2,59.8,40.4,100.0,11.7,11.8,33.4,36.6,0.9,38.2,3.9,45.1,1.7,5.1,51.0,29.8,56.0,11.4,88.8,23.9,32.3,26.8,30.2,21.0,15.9,82.6,33.8,96.3,43.8,18.9,11.0,13.9,16.4,11.3,8.9,5
185,209,GNB,Guinea-Bissau,16.3,8.6,76.3,0.0,66.6,31.1,55.0,66.9,100.0,100.0,47.3,16.3,21.9,38.8,2.6,32.6,4.8,42.4,13.6,22.0,44.1,22.5,42.7,11.5,88.3,37.7,32.5,27.8,19.5,25.5,14.5,75.5,30.4,99.5,34.8,20.6,24.9,20.5,62.1,5.5,8.0,5
186,210,LBR,Liberia,13.9,19.6,67.0,0.0,84.6,31.4,41.9,73.5,49.5,100.0,43.2,9.5,33.7,38.8,1.8,67.2,0.0,16.0,3.5,5.1,61.9,49.7,0.7,17.4,88.6,41.8,10.4,35.7,45.8,23.5,21.1,60.2,57.2,95.5,36.0,21.5,34.6,20.0,55.9,9.0,3.5,5
187,211,MLI,Mali,3.3,21.6,92.6,25.5,87.0,31.1,45.6,31.8,14.5,100.0,26.1,9.3,36.0,23.3,2.0,44.1,6.0,37.6,2.8,14.1,39.7,46.9,53.9,5.9,94.6,31.0,20.4,28.2,37.4,25.6,9.5,44.9,38.8,86.1,66.1,31.2,27.3,8.9,45.1,6.8,12.4,5
188,212,MRT,Mauritania,23.4,29.6,98.7,0.0,83.2,31.2,50.0,0.0,54.0,28.1,22.2,58.8,83.0,45.4,10.0,50.7,23.2,60.2,13.3,6.2,31.5,57.3,76.8,19.3,86.3,59.8,32.6,40.7,31.8,31.2,16.3,85.4,73.3,63.8,66.6,36.3,41.7,32.1,67.6,14.7,25.9,1
189,213,NER,Niger,0.0,12.9,94.7,0.0,93.9,31.5,16.8,11.4,24.3,33.4,37.8,12.1,53.6,11.2,3.6,42.9,9.0,32.8,1.8,14.1,15.2,53.1,68.5,18.7,90.7,21.8,32.7,28.8,41.3,17.3,0.9,85.0,17.7,93.3,60.8,25.1,27.7,11.3,65.0,5.7,7.3,5
190,214,NGA,Nigeria,16.0,30.3,67.5,8.8,66.0,24.2,33.7,45.4,21.5,85.5,34.7,56.0,22.7,50.0,9.2,54.2,7.4,78.4,3.8,19.2,22.3,75.8,46.4,8.4,82.9,46.3,47.8,42.4,52.1,30.7,45.1,64.5,19.8,100.0,60.4,18.7,27.1,12.3,15.8,10.9,12.5,5
191,215,STP,Sao Tome and Principe,29.0,21.7,57.7,51.1,84.2,31.7,70.9,71.7,100.0,100.0,57.7,52.9,85.8,53.7,0.0,47.0,32.0,42.6,16.7,25.1,44.9,46.0,80.9,35.2,85.9,58.5,16.6,38.1,46.2,51.3,48.6,63.8,87.0,100.0,92.3,38.4,45.5,42.3,94.9,27.8,47.5,6
192,216,SEN,Senegal,21.4,21.8,97.4,0.0,90.5,31.4,65.1,58.9,100.0,100.0,46.7,30.4,45.3,44.2,10.7,84.0,21.9,55.9,12.8,14.6,32.3,49.3,49.0,23.0,88.0,48.1,32.5,31.4,42.0,36.6,30.1,84.3,48.6,86.5,36.9,24.6,36.4,30.5,85.3,11.8,43.5,1
193,217,SLE,Sierra Leone,14.1,11.0,62.7,0.0,54.0,31.2,35.6,60.6,100.0,0.0,39.4,14.5,39.3,58.6,0.9,78.2,5.9,29.7,0.5,5.1,55.9,39.3,62.3,10.1,85.5,41.2,0.0,30.9,32.8,19.6,11.1,61.8,36.8,67.0,48.8,17.4,31.7,10.7,79.6,7.6,6.5,5
194,218,TGO,Togo,31.3,19.4,80.5,0.0,88.4,31.1,58.2,45.9,38.9,100.0,35.0,29.4,35.8,47.6,8.4,43.3,6.4,75.6,0.3,19.6,38.3,45.6,59.6,17.7,82.0,35.3,52.2,35.3,33.1,30.8,19.3,74.0,57.0,95.0,39.1,22.2,37.5,22.7,72.3,11.9,9.9,5
